{
  "x": 0.3701954367469644,
  "y": -0.343577678259179,
  "z": -0.18838622983086695
}