{
  "x": -1.2180942941745747,
  "y": 1.1846895152084433,
  "z": -0.05745372002057372
}