{
  "x": 0.0016161806415766478,
  "y": 0.00043442309834063053,
  "z": -0.00571663212031126,
  "rx": 0.05833621695637703,
  "ry": -2.0251712799072266,
  "rz": 0.1943872720003128
}