{
  "x": -1.8802225643082399e-06,
  "y": 3.5700072625391432e-06,
  "z": 0.00012438782149129524
}