{
  "x": 0.10642020404338837,
  "y": 0.030297869816422462,
  "z": -0.1675497591495514,
  "rx": 0.3982844054698944,
  "ry": 0.24244853854179382,
  "rz": -0.007201710250228643
}