{
  "x": 0.36063255684598833,
  "y": 0.01948799202480052,
  "z": 1.1138378839123728
}