{
  "x": 0.012147901579737663,
  "y": -0.0491207130253315,
  "z": -0.050178661942481995,
  "rx": 0.29560598731040955,
  "ry": -0.09503857046365738,
  "rz": 0.03455806523561478
}