{
  "x": 0.18677802817098138,
  "y": 0.4197245046650938,
  "z": -0.3332799751714219
}