{
  "x": 2.7082262394081007,
  "y": 9.082673624888338,
  "z": 3.0999809567935857
}