{
  "x": 4.664202443224584,
  "y": 8.161780141895955,
  "z": 3.0560749353911607
}