{
  "x": -0.003886971637398243,
  "y": -0.021768148816331004,
  "z": 0.004726757009309874
}