{
  "x": 0.45078769975990274,
  "y": -1.0979068066702555,
  "z": 0.9069811039190073,
  "timestamp": 1776297294.292153
}