{
  "x": -0.00014813508421450058,
  "y": 3.231640668607816e-05,
  "z": 2.390883696483468e-05,
  "timestamp": 1776583887.9101286
}