{
  "x": 0.36052385522265956,
  "y": 0.019386329734016744,
  "z": 1.1137905858205115,
  "timestamp": 1776738265.9646113
}