{
  "x": 0.029514932253485775,
  "y": -0.03267345936609366,
  "z": 0.01763318404568975,
  "timestamp": 1776962430.818549
}